metric,pearson,spearman,n
cbo,-0.10245365951154152,0.030380715288599786,960
dit,-0.049851924320563894,-0.03360099359648507,960
lcom,-0.02080953084794199,0.016559112044521526,960
